-- phpMyAdmin SQL Dump
-- version 5.2.1
-- https://www.phpmyadmin.net/
--
-- Host: 127.0.0.1
-- Generation Time: May 29, 2025 at 10:42 AM
-- Server version: 10.4.32-MariaDB
-- PHP Version: 8.2.12

SET SQL_MODE = "NO_AUTO_VALUE_ON_ZERO";
START TRANSACTION;
SET time_zone = "+00:00";


/*!40101 SET @OLD_CHARACTER_SET_CLIENT=@@CHARACTER_SET_CLIENT */;
/*!40101 SET @OLD_CHARACTER_SET_RESULTS=@@CHARACTER_SET_RESULTS */;
/*!40101 SET @OLD_COLLATION_CONNECTION=@@COLLATION_CONNECTION */;
/*!40101 SET NAMES utf8mb4 */;

--
-- Database: `news_portal`
--

-- --------------------------------------------------------

--
-- Table structure for table `ads`
--

CREATE TABLE `ads` (
  `id` int(11) NOT NULL,
  `title` varchar(255) NOT NULL,
  `image` varchar(255) DEFAULT NULL,
  `link` varchar(255) DEFAULT NULL,
  `start_date` date DEFAULT NULL,
  `end_date` date DEFAULT NULL,
  `status` enum('active','inactive') NOT NULL DEFAULT 'inactive',
  `location` varchar(50) DEFAULT NULL
) ENGINE=InnoDB DEFAULT CHARSET=utf8mb4 COLLATE=utf8mb4_general_ci;

--
-- Dumping data for table `ads`
--

INSERT INTO `ads` (`id`, `title`, `image`, `link`, `start_date`, `end_date`, `status`, `location`) VALUES
(1, 'ุฅุทูุงู ุชุฏุฑูุจ Code2Careers ูู ุบุฒุฉ ุณูุงู ุฌููุณ ๐', 'https://encrypted-tbn0.gstatic.com/images?q=tbn:ANd9GcTN4NjiPkaImNO6Oe_7OirMf8j8Hs38sZ_ihw&s', 'https://www.facebook.com/GazaSkyGeeks/', '2025-05-28', '2025-06-07', 'active', 'category'),
(2, 'Apricot International exists because of Gaza Sky Geeks ', 'https://media.licdn.com/dms/image/v2/D5622AQH0d72YGeEPgg/feedshare-shrink_800/B56Zb.f6XJHoAg-/0/1748026502052?e=2147483647&v=beta&t=aOoiUU4AS97ViDp0GTQFv02AxmVkrAw9NVLMvdSb1Gs', 'https://ps.linkedin.com/company/gaza-sky-geeks', '2025-05-29', '2025-06-01', 'active', NULL);

-- --------------------------------------------------------

--
-- Table structure for table `category`
--

CREATE TABLE `category` (
  `id` int(11) NOT NULL,
  `name` varchar(100) NOT NULL,
  `description` text DEFAULT NULL
) ENGINE=InnoDB DEFAULT CHARSET=utf8mb4 COLLATE=utf8mb4_general_ci;

--
-- Dumping data for table `category`
--

INSERT INTO `category` (`id`, `name`, `description`) VALUES
(1, 'ุณูุงุณุฉ', 'ุฃุฎุจุงุฑ ุงูุณูุงุณุฉ ูุงูุญูููุฉ'),
(2, 'ุงูุชุตุงุฏ', 'ุฃุฎุจุงุฑ ุงูุงูุชุตุงุฏ ูุงูุฃุนูุงู'),
(3, 'ุตุญุฉ', 'ุฃุฎุจุงุฑ ุงูุตุญุฉ ูุงูุทุจ'),
(4, 'ุฑูุงุถุฉ', 'ุฃุฎุจุงุฑ ุงูุฑูุงุถุฉ ูุงููุจุงุฑูุงุช'),
(5, 'ุชุฑููู', 'ุฃุฎุจุงุฑ ุงููู ูุงูุชุฑููู');

-- --------------------------------------------------------

--
-- Table structure for table `comments`
--

CREATE TABLE `comments` (
  `id` int(11) NOT NULL,
  `news_id` int(11) NOT NULL,
  `user_id` int(11) NOT NULL,
  `content` text NOT NULL,
  `dateposted` datetime NOT NULL DEFAULT current_timestamp()
) ENGINE=InnoDB DEFAULT CHARSET=utf8mb4 COLLATE=utf8mb4_general_ci;

--
-- Dumping data for table `comments`
--

INSERT INTO `comments` (`id`, `news_id`, `user_id`, `content`, `dateposted`) VALUES
(1, 91, 62, 'ุชุนููู ูุงูุญุงูุธ ุงููู\r\nูุงุฑุจ ูุฒุจุท', '2025-05-29 08:53:25'),
(2, 91, 62, 'ูุงูููููู ูููููู ุฒุงุจุทุทุทุท', '2025-05-29 08:55:50'),
(3, 91, 62, 'ุงูุฏู ูุฌุงุญู ููุฌููุน', '2025-05-29 08:55:58'),
(4, 91, 62, 'ูุจููู ุชู ุงููุงุก ุงุฎุฑ ุชุนุฏูู', '2025-05-29 08:56:11'),
(5, 93, 63, 'ุชุนููู ูุถูุงู ุงููุฌุงุญ', '2025-05-29 09:04:46');

-- --------------------------------------------------------

--
-- Table structure for table `news`
--

CREATE TABLE `news` (
  `id` int(11) NOT NULL,
  `title` varchar(255) NOT NULL,
  `summary` varchar(255) NOT NULL,
  `body` text NOT NULL,
  `image` varchar(255) DEFAULT NULL,
  `dateposted` datetime NOT NULL DEFAULT current_timestamp(),
  `category_id` int(11) NOT NULL,
  `author_id` int(11) NOT NULL,
  `status` enum('pending','approved','rejected') NOT NULL DEFAULT 'pending',
  `keywords` varchar(255) DEFAULT NULL,
  `views` int(11) NOT NULL DEFAULT 0
) ENGINE=InnoDB DEFAULT CHARSET=utf8mb4 COLLATE=utf8mb4_general_ci;

--
-- Dumping data for table `news`
--

INSERT INTO `news` (`id`, `title`, `summary`, `body`, `image`, `dateposted`, `category_id`, `author_id`, `status`, `keywords`, `views`) VALUES
(62, 'ุงุฑุชูุงุน ุงูููู ุงูุงูุชุตุงุฏู ุฅูู ุฑูู ููุงุณู ุฌุฏูุฏ', '', 'ุฃุนููุช ุงูุชูุงุฑูุฑ ุงูุฑุณููุฉ ุชุณุฌูู ุงุฑุชูุงุน ุบูุฑ ูุณุจูู ูู ูุนุฏู ุงูููู ุงูุงูุชุตุงุฏู ููุฑุจุน ุงูุฃุฎูุฑุ ูุฏููุนุงู ุจุฒูุงุฏุฉ ุงูุตุงุฏุฑุงุช ูุงูุงุณุชุซูุงุฑ ุงููุญูู.', 'https://picsum.photos/800/600?random=1', '2025-05-10 09:12:34', 2, 1, 'approved', 'ุงูุชุตุงุฏ,ููู,ูุญูู', 544),
(63, 'ููุฒ ุงููุฑูู ุงููุญูู ุจุงูุจุทููุฉ', '', 'ุญุณู ุงููุฑูู ุงููุญูู ุงููุจุงุฑุงุฉ ุงูููุงุฆูุฉ ุจูุงุฑู ููุทุฉ ูุงุญุฏุฉ ูุณุท ุชุดุฌูุน ุญุงุดุฏ ูู ุงูุฌูุงููุฑ.', 'https://picsum.photos/800/600?random=2', '2025-05-22 16:45:00', 4, 1, 'approved', 'ุฑูุงุถุฉ,ุจุทููุฉ,ูุฑูู', 238),
(64, 'ุทุฑุญ ูููุฐุฌ ูุงุชู ุฐูู ุฌุฏูุฏ ูุฐุง ุงูุฃุณุจูุน', '', 'ุฃุทููุช ุงูุดุฑูุฉ ุงููุตูุนุฉ ุฃุญุฏุซ ูุงุชู ุฐูู ูุชููุฒ ุจุดุงุดุฉ ุนุงููุฉ ุงูุฏูุฉ ูุนูุฑ ุจุทุงุฑูุฉ ูุทููู.', 'https://picsum.photos/800/600?random=3', '2025-05-15 11:20:00', 3, 1, 'approved', 'ุชูููููุฌูุง,ูุงุชู,ุฌุฏูุฏ', 657),
(66, 'ุดุฑูุฉ ูุงุดุฆุฉ ุชุญุตู ุนูู ุชูููู ุจูููุฉ ุนุดุฑุฉ ููุงููู ุฏููุงุฑ', '', 'ูุฌุญุช ุงูุดุฑูุฉ ุงููุงุดุฆุฉ ูู ุฌููุฉ ุชูููู A ุจุฑุฆุงุณุฉ ูุณุชุซูุฑูู ูุญูููู ูุฃุฌุงูุจ.', 'https://picsum.photos/800/600?random=5', '2025-05-05 14:30:00', 2, 1, 'approved', 'ุงูุชุตุงุฏ,ุชูููู,ุดุฑูุงุช', 420),
(67, 'ููุงุฆู ูุซูุฑ ูุดูุฏ ุนูุฏุฉ ูุง ุชุตุฏู', '', 'ุดูุฏุช ุงููุจุงุฑุงุฉ ุงูููุงุฆูุฉ ุนูุฏุฉ ูุฑูู ูุงู ูุชุฃุฎุฑุงู ุจูุฏููู ููุงุฒ ูู ุงูุฏูุงุฆู ุงูุฃุฎูุฑุฉ.', 'https://picsum.photos/800/600?random=6', '2025-05-18 19:00:00', 4, 1, 'approved', 'ุฑูุงุถุฉ,ููุงุฆู,ุฅูุฌุงุฒ', 389),
(68, 'ุชูุฏู ูู ุฃุจุญุงุซ ุงูุฐูุงุก ุงูุงุตุทูุงุนู ููุชุนุฑู ุนูู ุงูุตูุฑ', '', 'ุทูุฑ ุงูุจุงุญุซูู ุฎูุงุฑุฒููุฉ ุฌุฏูุฏุฉ ูุงุฏุฑุฉ ุนูู ุชูููุฒ ุงูุนูุงุตุฑ ุจุฏูุฉ ุนุงููุฉ ุถูู ุงูุตูุฑ ุงูููุชูุบุฑุงููุฉ.', 'https://picsum.photos/800/600?random=7', '2025-05-12 10:05:00', 3, 1, 'approved', 'ุฐูุงุก_ุงุตุทูุงุนู,ุจุญุซ,ุฎูุงุฑุฒููุฉ', 777),
(69, 'ููุฑุฌุงู ููุณููู ูุฌุฐุจ ุขูุงู ุงูุฒูุงุฑ', '', 'ุงุญุชุถูุช ุงููุฏููุฉ ููุฑุฌุงูุงู ููุณูููุงู ุญุงุดุฏุงู ุดุงุฑู ููู ููุงููู ุนุงููููู ููุญูููู.', 'https://picsum.photos/800/600?random=8', '2025-05-20 18:30:00', 5, 1, 'approved', 'ููุณููู,ููุฑุฌุงู,ูู', 512),
(70, 'ุงูุฅุนูุงู ุนู ูุชุงุฆุฌ ุงูุงูุชุฎุงุจุงุช ุงููุญููุฉ ุงูููู', '', 'ุฃุนููุช ุงููุฌูุฉ ุงูุงูุชุฎุงุจูุฉ ุงููุชุงุฆุฌ ุงูููุงุฆูุฉ ููุงูุชุฎุงุจุงุช ุงูุจูุฏูุฉ ูุณุท ูุดุงุฑูุฉ ุนุงููุฉ.', 'https://picsum.photos/800/600?random=9', '2025-05-07 12:00:00', 1, 1, 'approved', 'ุงูุชุฎุงุจุงุช,ูุญูู,ูุชุงุฆุฌ', 295),
(71, 'ุจุฏุก ุชุทุจูู ุงูููุงุฆุญ ุงููุงููุฉ ุงูุฌุฏูุฏุฉ', '', 'ุจุฏุฃุช ุงููุคุณุณุงุช ุจุชุทุจูู ููุงุนุฏ ุงูุชูุงุฑูุฑ ุงููุงููุฉ ููู ุงูุชุนุฏููุงุช ุงูุชู ุฃุตุฏุฑุชูุง ุงูุณูุทุฉ ุงููุฎุชุตุฉ.', 'https://picsum.photos/800/600?random=10', '2025-04-28 09:45:00', 2, 1, 'approved', 'ูุงููุฉ,ููุงุฆุญ,ุชูุงุฑูุฑ', 610),
(72, 'ุงุฎุชุฑุงู ูู ุชูููููุฌูุง ุงูุทุงูุฉ ุงููุชุฌุฏุฏุฉ', '', 'ูุฏู ุงูุนููุงุก ุชุตููููุง ุฃูุซุฑ ููุงุกุฉ ููุฃููุงุญ ุงูุดูุณูุฉ ูุฒูุฏ ูู ุฅูุชุงุฌูุฉ ุงูุทุงูุฉ ุจูุณุจุฉ 20%.', 'https://picsum.photos/800/600?random=11', '2025-05-03 13:15:00', 3, 1, 'approved', 'ุทุงูุฉ_ูุชุฌุฏุฏุฉ,ุจุญุซ,ุจูุฆุฉ', 847),
(73, 'ูุณูุฑุฉ ุงุญุชูุงููุฉ ุจููุฒ ุงูุจุทููุฉ', '', 'ุฎุฑุฌุช ุงูุฌูุงููุฑ ูู ูุณูุฑุฉ ููุงุญุชูุงู ุจููุฒ ูุฑูู ุงููุฏููุฉ ูู ุงูุจุทููุฉ ุงูุฅูููููุฉ.', 'https://picsum.photos/800/600?random=12', '2025-05-23 11:25:00', 4, 1, 'approved', 'ุฑูุงุถุฉ,ุงุญุชูุงู,ูุณูุฑุฉ', 432),
(74, 'ูุคุชูุฑ ุชููู ููุชุญ ุขูุงูุงู ุฌุฏูุฏุฉ', '', 'ุดุงุฑู ูู ุงููุคุชูุฑ ูุจุงุฑ ุฑุฌุงู ุงูุฃุนูุงู ูุงูุฎุจุฑุงุก ูููุงูุดุฉ ุฃุญุฏุซ ุชูููุงุช ุงููุณุชูุจู.', 'https://picsum.photos/800/600?random=13', '2025-05-09 10:50:00', 3, 1, 'approved', 'ุชูููุฉ,ูุณุชูุจู,ูุคุชูุฑ', 994),
(75, 'ุนุฑุถ ูููู ุฌุฏูุฏ ูุฎุทู ุงูุฃูุธุงุฑ ุนุงูููุงู', '', 'ุญูู ุงููููู ุฅูุฑุงุฏุงุช ููุงุณูุฉ ูู ุนุทูุฉ ููุงูุฉ ุงูุฃุณุจูุน ุงูุฃูู ูู ุตุฏูุฑู.', 'https://picsum.photos/800/600?random=14', '2025-05-16 20:10:00', 5, 1, 'approved', 'ูููู,ุณูููุง,ุนุงููู', 317),
(76, 'ูุคุดุฑุงุช ุงูุชุตุงุฏูุฉ ุชุธูุฑ ูุชุงุฆุฌ ูุชุจุงููุฉ', '', 'ุฃุธูุฑุช ุงูุจูุงูุงุช ุงูุฎูุงุถ ูุนุฏู ุงูุชุถุฎู ูุน ุงุฑุชูุงุน ุทููู ูู ูุนุฏูุงุช ุงูุจุทุงูุฉ.', 'https://picsum.photos/800/600?random=15', '2025-05-01 08:30:00', 2, 1, 'approved', 'ุงูุชุตุงุฏ,ุชุถุฎู,ุจุทุงูุฉ', 225),
(77, 'ุงุฎุชูุงุฑุงุช ุงููุญุฑุฑูู ูุฃูุถู ุงูููุงูุงุช ูุฐุง ุงูุฃุณุจูุน', '', 'ูุฏู ูุญุฑุฑููุง ูุฌููุนุฉ ูู ุงูููุงูุงุช ุงูุจุงุฑุฒุฉ ูู ูุฎุชูู ุงููุฌุงูุงุช.', 'https://picsum.photos/800/600?random=16', '2025-05-24 09:00:00', 5, 1, 'approved', 'ููุงูุงุช,ุชุญุฑูุฑ,ุฃุณุจูุน', 187),
(78, 'ุจุฏุก ุฃุนูุงู ุชุฌุฏูุฏ ุงูุญุฏููุฉ ุงูุนุงูุฉ ุงูุดูุฑ ุงูููุจู', '', 'ุฃุนููุช ุงูุจูุฏูุฉ ุนู ุฎุทุฉ ูุชุทููุฑ ุงูุญุฏููุฉ ุงูุนุงูุฉ ูุชุญุฏูุซ ุงููุฑุงูู ูุงูุฅูุงุฑุฉ.', 'https://picsum.photos/800/600?random=17', '2025-05-11 07:45:00', 1, 1, 'approved', 'ุจูุฏูุฉ,ุชุทููุฑ,ุญุฏุงุฆู', 99),
(79, 'ููุฉ ูุงุฏุฉ ุงูุฃุนูุงู ุชุจุญุซ ุงุณุชุฑุงุชูุฌูุงุช ุงูุณูู', '', 'ุงุฌุชูุน ุนุฏุฏ ูู ูุจุงุฑ ุงููุณุคูููู ุงูุชูููุฐููู ูููุงูุดุฉ ุฎุทุท ุงูููู ูุงูุชูุณุน.', 'https://picsum.photos/800/600?random=18', '2025-05-14 14:00:00', 2, 1, 'approved', 'ุฃุนูุงู,ููุฉ,ุงุณุชุฑุงุชูุฌูุงุช', 765),
(80, 'ุชุฃุฌูู ุงููุจุงุฑุงุฉ ุงูููุงุฆูุฉ ุจุณุจุจ ุงูุฃูุทุงุฑ', '', 'ุฃุนููุช ุงููุฌูุฉ ุงูููุธูุฉ ุชุฃุฌูู ุงููุจุงุฑุงุฉ ุงูููุฑุฑุฉ ุจุนุฏ ูุทูู ุฃูุทุงุฑ ุบุฒูุฑุฉ.', 'https://picsum.photos/800/600?random=19', '2025-05-19 15:30:00', 4, 1, 'approved', 'ุฑูุงุถุฉ,ุชุฃุฌูู,ุทูุณ', 55),
(81, 'ูุนุฑุถ ุนููู ูุนุฑุถ ูุดุงุฑูุน ุทูุงุจูุฉ ูุจุชูุฑุฉ', '', 'ุงุณุชุถุงูุช ุงูุฌุงูุนุฉ ูุนุฑุถุงู ุนูููุงู ุดุงุฑู ููู ุทูุงุจ ููุฏุณุฉ ูุฃุญูุงุก ุจุชุฌุงุฑุจ ูููุฒุฉ.', 'https://picsum.photos/800/600?random=20', '2025-05-06 10:20:00', 3, 1, 'approved', 'ุนูู,ุทูุงุจ,ุงุจุชูุงุฑ', 659),
(82, 'ูุณุฑุญ ุงููุฏููุฉ ูุณุชุถูู ุนุฑุถุงู ุฏุฑุงููุงู ุฌุฏูุฏุงู', '', 'ูุงู ุงูุนุฑุถ ุฅุดุงุฏุฉ ูุงุณุนุฉ ูู ุงูููุงุฏ ูุงูุฌูููุฑ ุนูู ุญุฏ ุณูุงุก.', 'https://picsum.photos/800/600?random=21', '2025-05-08 19:15:00', 5, 1, 'approved', 'ูุณุฑุญ,ูู,ุนุฑุถ', 312),
(84, 'ุชุญููู ุงูุณูู ูุชููุน ูููุงู ูู ุงูุฑุจุน ุงููุงุฏู', '', 'ูุชููุน ุฎุจุฑุงุก ุงูุงูุชุตุงุฏ ุงุฑุชูุงุน ุงูุฅููุงู ุงูุงุณุชููุงูู ุจูุญู 5% ุฎูุงู ุงูุฃุดูุฑ ุงูููุจูุฉ.', 'https://picsum.photos/800/600?random=23', '2025-05-13 12:30:00', 2, 1, 'approved', 'ุณูู,ุชุญููู,ููู', 890),
(85, 'ุชุญุฏูุซ ุจุฑูุฌู ุฌุฏูุฏ ูุนุฒุฒ ุงูุฃูุงู ุงูุณูุจุฑุงูู', '', 'ุฃุตุฏุฑุช ุงูุดุฑูุฉ ุชุญุฏูุซุงู ููุนุงูุฌุฉ ุซุบุฑุงุช ุฃูููุฉ ูู ูุธุงู ุงูุชุดุบูู.', 'https://picsum.photos/800/600?random=24', '2025-05-17 16:00:00', 3, 1, 'approved', 'ุชูููุฉ,ุฃูุงู,ุจุฑูุฌู', 734),
(86, 'ุญููุฉ ุฎูุฑูุฉ ูุฏุนู ุงูุฃุณุฑ ุงููุญุชุงุฌุฉ', '', 'ุฏุดูุช ูุคุณุณุฉ ูุญููุฉ ุญููุฉ ูุฌูุน ุงูุชุจุฑุนุงุช ูุชูููุฑ ุงูููุงุฏ ุงูุบุฐุงุฆูุฉ.', 'https://picsum.photos/800/600?random=25', '2025-05-21 13:55:00', 5, 1, 'approved', 'ุฎูุฑู,ูุฌุชูุน,ุชุจุฑุนุงุช', 274),
(87, 'ููุฉ ุงูุฃุนูุงู ุชุฑูุฒ ุนูู ุงูุงุณุชุฏุงูุฉ ุงูุจูุฆูุฉ', '', 'ูุงูุด ุงููุดุงุฑููู ุณุจู ุชุนุฒูุฒ ุงูููุงุฑุณุงุช ุงูุตุฏููุฉ ููุจูุฆุฉ ูู ุงูุดุฑูุงุช ุงููุจุฑู.', 'https://picsum.photos/800/600?random=26', '2025-04-29 09:10:00', 2, 1, 'approved', 'ุฃุนูุงู,ุงุณุชุฏุงูุฉ,ุจูุฆุฉ', 607),
(88, 'ูุดุฑูุน ูุฑูุฑู ุฌุฏูุฏ ูุฎูู ุงูุงุฎุชูุงูุงุช ุงููุฑูุฑูุฉ', '', 'ุณุชุชู ุฅุถุงูุฉ ุญุงุฑุงุช ุฌุฏูุฏุฉ ูุชุญุณูู ุงูุฅุดุงุฑุงุช ูุชุณููู ุญุฑูุฉ ุงููุฑูุฑ.', 'https://picsum.photos/800/600?random=27', '2025-05-04 08:20:00', 1, 1, 'approved', 'ูุฑูุฑ,ูุดุฑูุน,ุญุฑูุฉ', 143),
(89, 'ุฅุทูุงู ุชุทุจูู ูุงุชู ูุจุชูุฑ ูุชุฎุทูุท ุงูุฑุญูุงุช', '', 'ูููุฑ ุงูุชุทุจูู ููุฒุงุช ุฌุฏูุฏุฉ ูุซู ุชุญุฏูุฏ ููุงุท ุงูุงูุชูุงู ูุงููุณุงุฑุงุช ุงูุฃูุซุฑ ุฃูุงูุงู.', 'https://picsum.photos/800/600?random=28', '2025-05-25 17:45:00', 3, 1, 'approved', 'ุชุทุจูู,ุฑุญูุงุช,ููุงุชู', 994),
(90, 'ุงูุชุชุงุญ ูุนุฑุถ ููู ููุฃุนูุงู ุงูุชุดููููุฉ', '', 'ุนุฑุถ ุงูููุงููู ููุญุงุช ูููุญูุชุงุช ุชุนูุณ ุชุฌุงุฑุจูู ุงููููุฉ ูุฃููุงุฑูู.', 'https://picsum.photos/800/600?random=29', '2025-05-26 18:00:00', 5, 1, 'approved', 'ูู,ูุนุฑุถ,ุชุดููู', 345),
(91, 'ุฎุจุฑุงุก ูุงูููู ูุญุฐุฑูู ูู ุชููุจุงุช ุงูุณูู', '', 'ุญุฐุฑ ุฎุจุฑุงุก ูุงูููู ูู ุชููุนุงุช ุถุนู ุงูุงุณุชูุฑุงุฑ ูู ุงูุฃุณูุงู ุงููุงููุฉ ูุฏุนูุง ุฅูู ุชูููุน ุงูุงุณุชุซูุงุฑุงุช.', 'https://picsum.photos/800/600?random=30', '2025-05-27 09:30:00', 2, 1, 'approved', 'ูุงููุฉ,ุณูู,ุชููุจุงุช', 484),
(92, 'ุงููุฑุตุฏ ุงูุณูุฑู: ุฃูุซุฑ ูู 20 ุบุงุฑุฉ ุฅุณุฑุงุฆูููุฉ ุนูู ููุงูุน ุนุณูุฑูุฉ ูู ุฃูุญุงุก ุงูุจูุงุฏ ูู \"ุงูุฃุนูู ููุฐ ุจุฏุงูุฉ ุงูุนุงู\"', 'ูุงูุช ููุงูุฉ ุงูุฃูุจุงุก ุงูุณูุฑูุฉ ุงูุฑุณููุฉ (ุณุงูุง)ุ ูุณุงุก ุงูุฌูุนุฉุ ุฅู ุงูุฌูุด ุงูุฅุณุฑุงุฆููู ุดู ุบุงุฑุงุช ุฌุฏูุฏุฉ ุงุณุชูุฏูุช ูุญูุท ุฑูู ุงูุนุงุตูุฉ ุฏูุดูุ ูููุงุทู ุจุงููุฑุจ ูู ุญูุงุฉ. ูุฐูุฑุช ูุณุงุฆู ุฅุนูุงู ูุญููุฉ ูุฌูุงุช ุฃุฎุฑู ุทุงูุช ุงููุงุฐููุฉ ุนูู ุงูุณุงุญู ุงูุดูุงูู ุงูุบุฑุจู ูุณูุฑูุง ูููุทูุฉ ุฅุฏูุจ.', 'ูุฃูุงุฏ ุงููุฑุตุฏ ุงูุณูุฑู ูุญููู ุงูุฅูุณุงู ุจูููุน ุฃูุซุฑ ูู 20 ุบุงุฑุฉ ุฅุณุฑุงุฆูููุฉ ุงุณุชูุฏูุช ูุณุชูุฏุนุงุช ููุฑุงูุฒ ุนุณูุฑูุฉ ูู ุฌููุน ุฃูุญุงุก ุณูุฑูุง ูุณุงุก ุงูุฌูุนุฉ.\r\n\r\nูุฃุถุงู ุฃู ุงูุบุงุฑุงุช \"ุงูุฃุนูู ููุฐ ุจุฏุงูุฉ ุงูุนุงู\" ุดููุช ุฌุจู ูุงุณููู ูุจุฑุฒุฉ ูุญุฑุณุชุง ุจุฑูู ุฏูุดูุ ูุทุงูุช ุชุฌูุน ุฏุจุงุจุงุช ูู ุฅุฒุฑุนุ ูุงููุชูุจุฉ ุงูุตุงุฑูุฎูุฉ ูู ููุซุจูู ูู ุฏุฑุนุงุ ููุชูุจุฉ ุงูุฏูุงุน ุงูุฌูู ูู ุฌุจู ุงูุดุนุฑุฉ ูู ุงููุงุฐููุฉุ ููุง ุชุถููุช ุงูุฃูุฏุงู ุซููุงุช ุชุฏุฑูุจ ูููุตุงุฆู ูู ุญูุงุฉ ูุชูุงู ุงูุญูุฑ ุงูุดูุงููุฉ ูู ุงููููุทุฑุฉ.\r\n\r\nูุจุญุณุจ ุงููุฑุตุฏ ุงูุณูุฑูุ ููุฏ ุดูุช ุฅุณุฑุงุฆูู ููุฐ ูุทูุน ุนุงู 2025ุ ุฃูุซุฑ ูู 50 ุบุงุฑุฉ ุงุณุชูุฏูุช ุงูุฃุฑุงุถู ุงูุณูุฑูุฉุ ูููุง 44 ุบุงุฑุฉ ุฌููุฉ ู 8 ุบุงุฑุงุช ุจุฑูุฉุ ูุง ุฃุฏู ุฅูู ููุชู 33 ุดุฎุตุงูุ ูุฅุตุงุจุฉ ูุชุฏููุฑ ูุญู 79 ูุฏูุงู ูุง ุจูู ูุณุชูุฏุนุงุช ููุฃุณูุญุฉ ูุงูุฐุฎุงุฆุฑ ูููุฑุงุช ููุฑุงูุฒ ูุขููุงุช.', 'uploads/1748490073_6837d759dc44c.webp', '2025-05-28 00:00:00', 1, 1, 'approved', 'ุงูุณูุฑู , ุงูุฅุณุฑุงุฆููู', 17),
(93, 'ูู ูู ุฏุฑูุฒ ุณูุฑูุงุ ููุง ุงูุฐู ููุชุธุฑูู ูู ุงููุดูุฏ ุงูุณูุฑู ุงูุฌุฏูุฏุ', 'ุชูุณูุนุช ุฎูุงู ุงูุฃูุงู ุฑูุนุฉ ุงูุงุดุชุจุงูุงุช ุงูุชู ุดูุฏุชูุง ููุงุทู ุฐุงุช ุฃุบูุจูุฉ ุณูุงููุฉ ูู ุงูุทุงุฆูุฉ ุงูุฏุฑุฒูุฉ ูู ุณูุฑูุงุ ูุชุตู ุฅูู ูุญุงูุธุฉ ุงูุณููุฏุงุกุ ูุฐูู ุจุงูุชุฒุงูู ูุน ุงูุชุดุงุฑู ูุณููุญู ูุชูุงุฑูุฑ ุนู ุณููุท ูุฒูุฏู ูู ุงูุถุญุงูุง.', 'ูุฃุตุฏุฑ ูุดุงูุฎ ููุฌูุงุก ุงูุทุงุฆูุฉ ุงูุฏุฑุฒูุฉ ูู ุณูุฑูุง ุจูุงูุงู ุนูู ุฎูููุฉ ุงูุฃุญุฏุงุซุ ุฃููุฏูุง ููู ุฑูุถูู ูุชูุณูู ุณูุฑูุง ุฃู ุงูุงููุตุงู ุนููุงุ ูุดุฏูุฏูู ุนูู ุฃู ุฃุจูุงุก ุงูุทุงุฆูุฉ \"ุฌุฒุก ูุง ูุชุฌุฒูุฃ ูู ุงููุทู ุงูุณูุฑู\".\r\n\r\nูุดูุฏุช ุจุนุถ ุงูููุงุทู ุฐุงุช ุงููุซุงูุฉ ุงูุณูุงููุฉ ุงูุฏุฑุฒูุฉ ูู ุณูุฑูุง ุงุดุชุจุงูุงุชู ูุชูุทุนุฉู ุจูู ูุฌููุนุงุช ูุณููุญุฉ ูู ุญูู ุฌุฑูุงูุง ูููุทูุฉ ุตุญูุงูุงุ ุฌููุจ ุฏูุดู ุชุญุฏูุฏุงูุ ูุงูุช ูุฒุงุฑุฉ ุงูุฏุงุฎููุฉ ุงูุณูุฑูุฉ ุฅููุง ููุนุช ุนูู \"ุฎูููุฉ ุชุญุฑูุถ ูุฎุทุงุจ ูุฑุงููุฉ ุนูู ููุงูุน ุงูุชูุงุตู ุงูุงุฌุชูุงุนู\".\r\n\r\nูุชูุตูู ุงูุทุฑูุงู โ ููุซูู ุงูุฅุฏุงุฑุฉ ุงูุฌุฏูุฏุฉ ูู ุณูุฑูุง ูููุซููู ุนู ุงูุทุงุฆูุฉ ุงูุฏุฑุฒูุฉ โ ุฅูู ุงุชูุงู ุชูุฏุฆุฉ ูู ุฌุฑูุงูุง ูุตุญูุงูุงุ ูู ูุตูุฏ ุจุณุจุจ ุงุณุชูุฑุงุฑ ุงูุงุดุชุจุงูุงุช.', 'https://ichef.bbci.co.uk/ace/ws/776/cpsprodpb/257c/live/7a679e60-fffb-11ef-9df0-a31b0cce0bcc.jpg.webp', '2025-05-28 00:00:00', 1, 1, 'approved', 'ุณูุฑูุง , ุงูุฏุฑูุฒ', 36);

-- --------------------------------------------------------

--
-- Table structure for table `news_likes`
--

CREATE TABLE `news_likes` (
  `news_id` int(11) NOT NULL,
  `user_id` int(11) NOT NULL
) ENGINE=InnoDB DEFAULT CHARSET=utf8mb4 COLLATE=utf8mb4_general_ci;

-- --------------------------------------------------------

--
-- Table structure for table `user`
--

CREATE TABLE `user` (
  `id` int(11) NOT NULL,
  `name` varchar(100) NOT NULL,
  `email` varchar(255) NOT NULL,
  `password` varchar(255) NOT NULL,
  `role` enum('author','editor','admin') NOT NULL
) ENGINE=InnoDB DEFAULT CHARSET=utf8mb4 COLLATE=utf8mb4_general_ci;

--
-- Dumping data for table `user`
--

INSERT INTO `user` (`id`, `name`, `email`, `password`, `role`) VALUES
(1, 'Rua', 'ruaidris000@gmail.com', '$2y$10$f76WwO4keI5vdqkCLJbIQOFNeSVPTM3mKKY3M1ZHniFyTD/OB2YHK', 'author'),
(2, 'Bob', 'bob@example.com', '$2y$10$LqEQuEHSap//J7dQDLSPKuDtqffy7LLc1bTiUg25v1LOsBis4xGHi', 'editor'),
(3, 'Lee', 'lee@example.com', '$2y$10$kbbdjSG.nU35fbM8VoSjmuVVK.6zPFfKaDTsXozAdhT.4AdMgLDeC', 'admin'),
(4, 'rita', 'rita@gmail.com', '$2y$10$ANsN5LQK13k3UDqxWi8WxugPYBmB8utBuX9XvQjyumtiY.q2pPws6', 'author'),
(62, 'rami', 'rami@gmail.com', '$2y$10$.ULcGyAdgvCFfq84vJ4vaOkpMiZECRBPqTg7U7oEz/91x.IYIfR.m', ''),
(63, 'sam', 'sam@gmail.com', '$2y$10$pgy9sI9QHR5sLE5LhE8Upu3/3tjIlVd9jAn8EXSS1tmaUArbTcgKu', '');

--
-- Indexes for dumped tables
--

--
-- Indexes for table `ads`
--
ALTER TABLE `ads`
  ADD PRIMARY KEY (`id`);

--
-- Indexes for table `category`
--
ALTER TABLE `category`
  ADD PRIMARY KEY (`id`),
  ADD UNIQUE KEY `name` (`name`);

--
-- Indexes for table `comments`
--
ALTER TABLE `comments`
  ADD PRIMARY KEY (`id`),
  ADD KEY `news_id` (`news_id`),
  ADD KEY `user_id` (`user_id`);

--
-- Indexes for table `news`
--
ALTER TABLE `news`
  ADD PRIMARY KEY (`id`),
  ADD KEY `category_id` (`category_id`),
  ADD KEY `author_id` (`author_id`);

--
-- Indexes for table `news_likes`
--
ALTER TABLE `news_likes`
  ADD PRIMARY KEY (`news_id`,`user_id`),
  ADD KEY `user_id` (`user_id`);

--
-- Indexes for table `user`
--
ALTER TABLE `user`
  ADD PRIMARY KEY (`id`),
  ADD UNIQUE KEY `email` (`email`);

--
-- AUTO_INCREMENT for dumped tables
--

--
-- AUTO_INCREMENT for table `ads`
--
ALTER TABLE `ads`
  MODIFY `id` int(11) NOT NULL AUTO_INCREMENT, AUTO_INCREMENT=3;

--
-- AUTO_INCREMENT for table `category`
--
ALTER TABLE `category`
  MODIFY `id` int(11) NOT NULL AUTO_INCREMENT, AUTO_INCREMENT=6;

--
-- AUTO_INCREMENT for table `comments`
--
ALTER TABLE `comments`
  MODIFY `id` int(11) NOT NULL AUTO_INCREMENT, AUTO_INCREMENT=6;

--
-- AUTO_INCREMENT for table `news`
--
ALTER TABLE `news`
  MODIFY `id` int(11) NOT NULL AUTO_INCREMENT, AUTO_INCREMENT=99;

--
-- AUTO_INCREMENT for table `user`
--
ALTER TABLE `user`
  MODIFY `id` int(11) NOT NULL AUTO_INCREMENT, AUTO_INCREMENT=64;

--
-- Constraints for dumped tables
--

--
-- Constraints for table `comments`
--
ALTER TABLE `comments`
  ADD CONSTRAINT `comments_ibfk_1` FOREIGN KEY (`news_id`) REFERENCES `news` (`id`) ON DELETE CASCADE,
  ADD CONSTRAINT `comments_ibfk_2` FOREIGN KEY (`user_id`) REFERENCES `user` (`id`) ON DELETE CASCADE;

--
-- Constraints for table `news`
--
ALTER TABLE `news`
  ADD CONSTRAINT `news_ibfk_1` FOREIGN KEY (`category_id`) REFERENCES `category` (`id`) ON DELETE CASCADE,
  ADD CONSTRAINT `news_ibfk_2` FOREIGN KEY (`author_id`) REFERENCES `user` (`id`) ON DELETE CASCADE;

--
-- Constraints for table `news_likes`
--
ALTER TABLE `news_likes`
  ADD CONSTRAINT `news_likes_ibfk_1` FOREIGN KEY (`news_id`) REFERENCES `news` (`id`) ON DELETE CASCADE,
  ADD CONSTRAINT `news_likes_ibfk_2` FOREIGN KEY (`user_id`) REFERENCES `user` (`id`) ON DELETE CASCADE;
COMMIT;

/*!40101 SET CHARACTER_SET_CLIENT=@OLD_CHARACTER_SET_CLIENT */;
/*!40101 SET CHARACTER_SET_RESULTS=@OLD_CHARACTER_SET_RESULTS */;
/*!40101 SET COLLATION_CONNECTION=@OLD_COLLATION_CONNECTION */;
